Subject, Start Date, Start Time, End Date, End Time, Description, Location, Private
"Event1",03/15/2025,10:00 AM,"03/15/2025","","","",true
"Event2",03/15/2025,10:00 AM,"03/15/2025","","","",true
"Event3",03/15/2025,10:00 AM,"03/15/2025","","","",true
"Event4",03/15/2025,10:00 AM,"03/15/2025","","","",true
"Event5",03/15/2025,10:00 AM,"03/15/2025","","","",true
"Event6",03/15/2025,10:00 AM,"03/15/2025","","","",true
"Event7",03/15/2025,10:00 AM,"03/15/2025","","","",true
"Event8",03/15/2025,10:00 AM,"03/15/2025","","","",true
"Event9",03/15/2025,10:00 AM,"03/15/2025","","","",true
"Event10",03/15/2025,10:00 AM,"03/15/2025","","","",true
"Event11",03/15/2025,10:00 AM,"03/15/2025","","","",true
"Event12",03/15/2025,10:00 AM,"03/15/2025","","","",true
"Event13",03/15/2025,10:00 AM,"03/15/2025","","","",true
"Event14",03/15/2025,10:00 AM,"03/15/2025","","","",true
"Event15",03/15/2025,10:00 AM,"03/15/2025","","","",true
"Event16",03/15/2025,10:00 AM,"03/15/2025","","","",true
"Event17",03/15/2025,10:00 AM,"03/15/2025","","","",true
"Event18",03/15/2025,10:00 AM,"03/15/2025","","","",true
"Event19",03/15/2025,10:00 AM,"03/15/2025","","","",true
"Event20",03/15/2025,10:00 AM,"03/15/2025","","","",true
"Event21",03/15/2025,10:00 AM,"03/15/2025","","","",true
"Event22",03/15/2025,10:00 AM,"03/15/2025","","","",true
"Event23",03/15/2025,10:00 AM,"03/15/2025","","","",true
"Event24",03/15/2025,10:00 AM,"03/15/2025","","","",true
"Event25",03/15/2025,10:00 AM,"03/15/2025","","","",true
"Event26",03/15/2025,10:00 AM,"03/15/2025","","","",true
"Event27",03/15/2025,10:00 AM,"03/15/2025","","","",true
"Event28",03/15/2025,10:00 AM,"03/15/2025","","","",true
"Event29",03/15/2025,10:00 AM,"03/15/2025","","","",true
"Event30",03/15/2025,10:00 AM,"03/15/2025","","","",true
"Event31",03/15/2025,10:00 AM,"03/15/2025","","","",true
"Event32",03/15/2025,10:00 AM,"03/15/2025","","","",true
"Event33",03/15/2025,10:00 AM,"03/15/2025","","","",true
"Event34",03/15/2025,10:00 AM,"03/15/2025","","","",true
"Event35",03/15/2025,10:00 AM,"03/15/2025","","","",true
"Event36",03/15/2025,10:00 AM,"03/15/2025","","","",true
"Event37",03/15/2025,10:00 AM,"03/15/2025","","","",true
"Event38",03/15/2025,10:00 AM,"03/15/2025","","","",true
"Event39",03/15/2025,10:00 AM,"03/15/2025","","","",true
"Event40",03/15/2025,10:00 AM,"03/15/2025","","","",true
"Event41",03/15/2025,10:00 AM,"03/15/2025","","","",true
"Event42",03/15/2025,10:00 AM,"03/15/2025","","","",true
"Event43",03/15/2025,10:00 AM,"03/15/2025","","","",true
"Event44",03/15/2025,10:00 AM,"03/15/2025","","","",true
"Event45",03/15/2025,10:00 AM,"03/15/2025","","","",true
"Event46",03/15/2025,10:00 AM,"03/15/2025","","","",true
"Event47",03/15/2025,10:00 AM,"03/15/2025","","","",true
"Event48",03/15/2025,10:00 AM,"03/15/2025","","","",true
"Event49",03/15/2025,10:00 AM,"03/15/2025","","","",true
"Event50",03/15/2025,10:00 AM,"03/15/2025","","","",true
"Event51",03/15/2025,10:00 AM,"03/15/2025","","","",true
"Event52",03/15/2025,10:00 AM,"03/15/2025","","","",true
"Event53",03/15/2025,10:00 AM,"03/15/2025","","","",true
"Event54",03/15/2025,10:00 AM,"03/15/2025","","","",true
"Event55",03/15/2025,10:00 AM,"03/15/2025","","","",true
"Event56",03/15/2025,10:00 AM,"03/15/2025","","","",true
"Event57",03/15/2025,10:00 AM,"03/15/2025","","","",true
"Event58",03/15/2025,10:00 AM,"03/15/2025","","","",true
"Event59",03/15/2025,10:00 AM,"03/15/2025","","","",true
"Event60",03/15/2025,10:00 AM,"03/15/2025","","","",true
"Event61",03/15/2025,10:00 AM,"03/15/2025","","","",true
"Event62",03/15/2025,10:00 AM,"03/15/2025","","","",true
"Event63",03/15/2025,10:00 AM,"03/15/2025","","","",true
"Event64",03/15/2025,10:00 AM,"03/15/2025","","","",true
"Event65",03/15/2025,10:00 AM,"03/15/2025","","","",true
"Event66",03/15/2025,10:00 AM,"03/15/2025","","","",true
"Event67",03/15/2025,10:00 AM,"03/15/2025","","","",true
"Event68",03/15/2025,10:00 AM,"03/15/2025","","","",true
"Event69",03/15/2025,10:00 AM,"03/15/2025","","","",true
"Event70",03/15/2025,10:00 AM,"03/15/2025","","","",true
"Event71",03/15/2025,10:00 AM,"03/15/2025","","","",true
"Event72",03/15/2025,10:00 AM,"03/15/2025","","","",true
"Event73",03/15/2025,10:00 AM,"03/15/2025","","","",true
"Event74",03/15/2025,10:00 AM,"03/15/2025","","","",true
"Event75",03/15/2025,10:00 AM,"03/15/2025","","","",true
"Event76",03/15/2025,10:00 AM,"03/15/2025","","","",true
"Event77",03/15/2025,10:00 AM,"03/15/2025","","","",true
"Event78",03/15/2025,10:00 AM,"03/15/2025","","","",true
"Event79",03/15/2025,10:00 AM,"03/15/2025","","","",true
"Event80",03/15/2025,10:00 AM,"03/15/2025","","","",true
"Event81",03/15/2025,10:00 AM,"03/15/2025","","","",true
"Event82",03/15/2025,10:00 AM,"03/15/2025","","","",true
"Event83",03/15/2025,10:00 AM,"03/15/2025","","","",true
"Event84",03/15/2025,10:00 AM,"03/15/2025","","","",true
"Event85",03/15/2025,10:00 AM,"03/15/2025","","","",true
"Event86",03/15/2025,10:00 AM,"03/15/2025","","","",true
"Event87",03/15/2025,10:00 AM,"03/15/2025","","","",true
"Event88",03/15/2025,10:00 AM,"03/15/2025","","","",true
"Event89",03/15/2025,10:00 AM,"03/15/2025","","","",true
"Event90",03/15/2025,10:00 AM,"03/15/2025","","","",true
"Event91",03/15/2025,10:00 AM,"03/15/2025","","","",true
"Event92",03/15/2025,10:00 AM,"03/15/2025","","","",true
"Event93",03/15/2025,10:00 AM,"03/15/2025","","","",true
"Event94",03/15/2025,10:00 AM,"03/15/2025","","","",true
"Event95",03/15/2025,10:00 AM,"03/15/2025","","","",true
"Event96",03/15/2025,10:00 AM,"03/15/2025","","","",true
"Event97",03/15/2025,10:00 AM,"03/15/2025","","","",true
"Event98",03/15/2025,10:00 AM,"03/15/2025","","","",true
"Event99",03/15/2025,10:00 AM,"03/15/2025","","","",true
"Event100",03/15/2025,10:00 AM,"03/15/2025","","","",true
"Event101",03/15/2025,10:00 AM,"03/15/2025","","","",true
"Event102",03/15/2025,10:00 AM,"03/15/2025","","","",true
"Event103",03/15/2025,10:00 AM,"03/15/2025","","","",true
"Event104",03/15/2025,10:00 AM,"03/15/2025","","","",true
"Event105",03/15/2025,10:00 AM,"03/15/2025","","","",true
"Event106",03/15/2025,10:00 AM,"03/15/2025","","","",true
"Event107",03/15/2025,10:00 AM,"03/15/2025","","","",true
"Event108",03/15/2025,10:00 AM,"03/15/2025","","","",true
"Event109",03/15/2025,10:00 AM,"03/15/2025","","","",true
"Event110",03/15/2025,10:00 AM,"03/15/2025","","","",true
"Event111",03/15/2025,10:00 AM,"03/15/2025","","","",true
"Event112",03/15/2025,10:00 AM,"03/15/2025","","","",true
"Event113",03/15/2025,10:00 AM,"03/15/2025","","","",true
"Event114",03/15/2025,10:00 AM,"03/15/2025","","","",true
"Event115",03/15/2025,10:00 AM,"03/15/2025","","","",true
"Event116",03/15/2025,10:00 AM,"03/15/2025","","","",true
"Event117",03/15/2025,10:00 AM,"03/15/2025","","","",true
"Event118",03/15/2025,10:00 AM,"03/15/2025","","","",true
"Event119",03/15/2025,10:00 AM,"03/15/2025","","","",true
"Event120",03/15/2025,10:00 AM,"03/15/2025","","","",true
"Event121",03/15/2025,10:00 AM,"03/15/2025","","","",true
"Event122",03/15/2025,10:00 AM,"03/15/2025","","","",true
"Event123",03/15/2025,10:00 AM,"03/15/2025","","","",true
"Event124",03/15/2025,10:00 AM,"03/15/2025","","","",true
"Event125",03/15/2025,10:00 AM,"03/15/2025","","","",true
"Event126",03/15/2025,10:00 AM,"03/15/2025","","","",true
"Event127",03/15/2025,10:00 AM,"03/15/2025","","","",true
"Event128",03/15/2025,10:00 AM,"03/15/2025","","","",true
"Event129",03/15/2025,10:00 AM,"03/15/2025","","","",true
"Event130",03/15/2025,10:00 AM,"03/15/2025","","","",true
"Event131",03/15/2025,10:00 AM,"03/15/2025","","","",true
"Event132",03/15/2025,10:00 AM,"03/15/2025","","","",true
"Event133",03/15/2025,10:00 AM,"03/15/2025","","","",true
"Event134",03/15/2025,10:00 AM,"03/15/2025","","","",true
"Event135",03/15/2025,10:00 AM,"03/15/2025","","","",true
"Event136",03/15/2025,10:00 AM,"03/15/2025","","","",true
"Event137",03/15/2025,10:00 AM,"03/15/2025","","","",true
"Event138",03/15/2025,10:00 AM,"03/15/2025","","","",true
"Event139",03/15/2025,10:00 AM,"03/15/2025","","","",true
"Event140",03/15/2025,10:00 AM,"03/15/2025","","","",true
"Event141",03/15/2025,10:00 AM,"03/15/2025","","","",true
"Event142",03/15/2025,10:00 AM,"03/15/2025","","","",true
"Event143",03/15/2025,10:00 AM,"03/15/2025","","","",true
"Event144",03/15/2025,10:00 AM,"03/15/2025","","","",true
"Event145",03/15/2025,10:00 AM,"03/15/2025","","","",true
"Event146",03/15/2025,10:00 AM,"03/15/2025","","","",true
"Event147",03/15/2025,10:00 AM,"03/15/2025","","","",true
"Event148",03/15/2025,10:00 AM,"03/15/2025","","","",true
"Event149",03/15/2025,10:00 AM,"03/15/2025","","","",true
"Event150",03/15/2025,10:00 AM,"03/15/2025","","","",true
"Event151",03/15/2025,10:00 AM,"03/15/2025","","","",true
"Event152",03/15/2025,10:00 AM,"03/15/2025","","","",true
"Event153",03/15/2025,10:00 AM,"03/15/2025","","","",true
"Event154",03/15/2025,10:00 AM,"03/15/2025","","","",true
"Event155",03/15/2025,10:00 AM,"03/15/2025","","","",true
"Event156",03/15/2025,10:00 AM,"03/15/2025","","","",true
"Event157",03/15/2025,10:00 AM,"03/15/2025","","","",true
"Event158",03/15/2025,10:00 AM,"03/15/2025","","","",true
"Event159",03/15/2025,10:00 AM,"03/15/2025","","","",true
"Event160",03/15/2025,10:00 AM,"03/15/2025","","","",true
"Event161",03/15/2025,10:00 AM,"03/15/2025","","","",true
"Event162",03/15/2025,10:00 AM,"03/15/2025","","","",true
"Event163",03/15/2025,10:00 AM,"03/15/2025","","","",true
"Event164",03/15/2025,10:00 AM,"03/15/2025","","","",true
"Event165",03/15/2025,10:00 AM,"03/15/2025","","","",true
"Event166",03/15/2025,10:00 AM,"03/15/2025","","","",true
"Event167",03/15/2025,10:00 AM,"03/15/2025","","","",true
"Event168",03/15/2025,10:00 AM,"03/15/2025","","","",true
"Event169",03/15/2025,10:00 AM,"03/15/2025","","","",true
"Event170",03/15/2025,10:00 AM,"03/15/2025","","","",true
"Event171",03/15/2025,10:00 AM,"03/15/2025","","","",true
"Event172",03/15/2025,10:00 AM,"03/15/2025","","","",true
"Event173",03/15/2025,10:00 AM,"03/15/2025","","","",true
"Event174",03/15/2025,10:00 AM,"03/15/2025","","","",true
"Event175",03/15/2025,10:00 AM,"03/15/2025","","","",true
"Event176",03/15/2025,10:00 AM,"03/15/2025","","","",true
"Event177",03/15/2025,10:00 AM,"03/15/2025","","","",true
"Event178",03/15/2025,10:00 AM,"03/15/2025","","","",true
"Event179",03/15/2025,10:00 AM,"03/15/2025","","","",true
"Event180",03/15/2025,10:00 AM,"03/15/2025","","","",true
"Event181",03/15/2025,10:00 AM,"03/15/2025","","","",true
"Event182",03/15/2025,10:00 AM,"03/15/2025","","","",true
"Event183",03/15/2025,10:00 AM,"03/15/2025","","","",true
"Event184",03/15/2025,10:00 AM,"03/15/2025","","","",true
"Event185",03/15/2025,10:00 AM,"03/15/2025","","","",true
"Event186",03/15/2025,10:00 AM,"03/15/2025","","","",true
"Event187",03/15/2025,10:00 AM,"03/15/2025","","","",true
"Event188",03/15/2025,10:00 AM,"03/15/2025","","","",true
"Event189",03/15/2025,10:00 AM,"03/15/2025","","","",true
"Event190",03/15/2025,10:00 AM,"03/15/2025","","","",true
"Event191",03/15/2025,10:00 AM,"03/15/2025","","","",true
"Event192",03/15/2025,10:00 AM,"03/15/2025","","","",true
"Event193",03/15/2025,10:00 AM,"03/15/2025","","","",true
"Event194",03/15/2025,10:00 AM,"03/15/2025","","","",true
"Event195",03/15/2025,10:00 AM,"03/15/2025","","","",true
"Event196",03/15/2025,10:00 AM,"03/15/2025","","","",true
"Event197",03/15/2025,10:00 AM,"03/15/2025","","","",true
"Event198",03/15/2025,10:00 AM,"03/15/2025","","","",true
"Event199",03/15/2025,10:00 AM,"03/15/2025","","","",true
"Event200",03/15/2025,10:00 AM,"03/15/2025","","","",true
"Event201",03/15/2025,10:00 AM,"03/15/2025","","","",true
"Event202",03/15/2025,10:00 AM,"03/15/2025","","","",true
"Event203",03/15/2025,10:00 AM,"03/15/2025","","","",true
"Event204",03/15/2025,10:00 AM,"03/15/2025","","","",true
"Event205",03/15/2025,10:00 AM,"03/15/2025","","","",true
"Event206",03/15/2025,10:00 AM,"03/15/2025","","","",true
"Event207",03/15/2025,10:00 AM,"03/15/2025","","","",true
"Event208",03/15/2025,10:00 AM,"03/15/2025","","","",true
"Event209",03/15/2025,10:00 AM,"03/15/2025","","","",true
"Event210",03/15/2025,10:00 AM,"03/15/2025","","","",true
"Event211",03/15/2025,10:00 AM,"03/15/2025","","","",true
"Event212",03/15/2025,10:00 AM,"03/15/2025","","","",true
"Event213",03/15/2025,10:00 AM,"03/15/2025","","","",true
"Event214",03/15/2025,10:00 AM,"03/15/2025","","","",true
"Event215",03/15/2025,10:00 AM,"03/15/2025","","","",true
"Event216",03/15/2025,10:00 AM,"03/15/2025","","","",true
"Event217",03/15/2025,10:00 AM,"03/15/2025","","","",true
"Event218",03/15/2025,10:00 AM,"03/15/2025","","","",true
"Event219",03/15/2025,10:00 AM,"03/15/2025","","","",true
"Event220",03/15/2025,10:00 AM,"03/15/2025","","","",true
"Event221",03/15/2025,10:00 AM,"03/15/2025","","","",true
"Event222",03/15/2025,10:00 AM,"03/15/2025","","","",true
"Event223",03/15/2025,10:00 AM,"03/15/2025","","","",true
"Event224",03/15/2025,10:00 AM,"03/15/2025","","","",true
"Event225",03/15/2025,10:00 AM,"03/15/2025","","","",true
"Event226",03/15/2025,10:00 AM,"03/15/2025","","","",true
"Event227",03/15/2025,10:00 AM,"03/15/2025","","","",true
"Event228",03/15/2025,10:00 AM,"03/15/2025","","","",true
"Event229",03/15/2025,10:00 AM,"03/15/2025","","","",true
"Event230",03/15/2025,10:00 AM,"03/15/2025","","","",true
"Event231",03/15/2025,10:00 AM,"03/15/2025","","","",true
"Event232",03/15/2025,10:00 AM,"03/15/2025","","","",true
"Event233",03/15/2025,10:00 AM,"03/15/2025","","","",true
"Event234",03/15/2025,10:00 AM,"03/15/2025","","","",true
"Event235",03/15/2025,10:00 AM,"03/15/2025","","","",true
"Event236",03/15/2025,10:00 AM,"03/15/2025","","","",true
"Event237",03/15/2025,10:00 AM,"03/15/2025","","","",true
"Event238",03/15/2025,10:00 AM,"03/15/2025","","","",true
"Event239",03/15/2025,10:00 AM,"03/15/2025","","","",true
"Event240",03/15/2025,10:00 AM,"03/15/2025","","","",true
"Event241",03/15/2025,10:00 AM,"03/15/2025","","","",true
"Event242",03/15/2025,10:00 AM,"03/15/2025","","","",true
"Event243",03/15/2025,10:00 AM,"03/15/2025","","","",true
"Event244",03/15/2025,10:00 AM,"03/15/2025","","","",true
"Event245",03/15/2025,10:00 AM,"03/15/2025","","","",true
"Event246",03/15/2025,10:00 AM,"03/15/2025","","","",true
"Event247",03/15/2025,10:00 AM,"03/15/2025","","","",true
"Event248",03/15/2025,10:00 AM,"03/15/2025","","","",true
"Event249",03/15/2025,10:00 AM,"03/15/2025","","","",true
"Event250",03/15/2025,10:00 AM,"03/15/2025","","","",true
"Event251",03/15/2025,10:00 AM,"03/15/2025","","","",true
"Event252",03/15/2025,10:00 AM,"03/15/2025","","","",true
"Event253",03/15/2025,10:00 AM,"03/15/2025","","","",true
"Event254",03/15/2025,10:00 AM,"03/15/2025","","","",true
"Event255",03/15/2025,10:00 AM,"03/15/2025","","","",true
"Event256",03/15/2025,10:00 AM,"03/15/2025","","","",true
"Event257",03/15/2025,10:00 AM,"03/15/2025","","","",true
"Event258",03/15/2025,10:00 AM,"03/15/2025","","","",true
"Event259",03/15/2025,10:00 AM,"03/15/2025","","","",true
"Event260",03/15/2025,10:00 AM,"03/15/2025","","","",true
"Event261",03/15/2025,10:00 AM,"03/15/2025","","","",true
"Event262",03/15/2025,10:00 AM,"03/15/2025","","","",true
"Event263",03/15/2025,10:00 AM,"03/15/2025","","","",true
"Event264",03/15/2025,10:00 AM,"03/15/2025","","","",true
"Event265",03/15/2025,10:00 AM,"03/15/2025","","","",true
"Event266",03/15/2025,10:00 AM,"03/15/2025","","","",true
"Event267",03/15/2025,10:00 AM,"03/15/2025","","","",true
"Event268",03/15/2025,10:00 AM,"03/15/2025","","","",true
"Event269",03/15/2025,10:00 AM,"03/15/2025","","","",true
"Event270",03/15/2025,10:00 AM,"03/15/2025","","","",true
"Event271",03/15/2025,10:00 AM,"03/15/2025","","","",true
"Event272",03/15/2025,10:00 AM,"03/15/2025","","","",true
"Event273",03/15/2025,10:00 AM,"03/15/2025","","","",true
"Event274",03/15/2025,10:00 AM,"03/15/2025","","","",true
"Event275",03/15/2025,10:00 AM,"03/15/2025","","","",true
"Event276",03/15/2025,10:00 AM,"03/15/2025","","","",true
"Event277",03/15/2025,10:00 AM,"03/15/2025","","","",true
"Event278",03/15/2025,10:00 AM,"03/15/2025","","","",true
"Event279",03/15/2025,10:00 AM,"03/15/2025","","","",true
"Event280",03/15/2025,10:00 AM,"03/15/2025","","","",true
"Event281",03/15/2025,10:00 AM,"03/15/2025","","","",true
"Event282",03/15/2025,10:00 AM,"03/15/2025","","","",true
"Event283",03/15/2025,10:00 AM,"03/15/2025","","","",true
"Event284",03/15/2025,10:00 AM,"03/15/2025","","","",true
"Event285",03/15/2025,10:00 AM,"03/15/2025","","","",true
"Event286",03/15/2025,10:00 AM,"03/15/2025","","","",true
"Event287",03/15/2025,10:00 AM,"03/15/2025","","","",true
"Event288",03/15/2025,10:00 AM,"03/15/2025","","","",true
"Event289",03/15/2025,10:00 AM,"03/15/2025","","","",true
"Event290",03/15/2025,10:00 AM,"03/15/2025","","","",true
"Event291",03/15/2025,10:00 AM,"03/15/2025","","","",true
"Event292",03/15/2025,10:00 AM,"03/15/2025","","","",true
"Event293",03/15/2025,10:00 AM,"03/15/2025","","","",true
"Event294",03/15/2025,10:00 AM,"03/15/2025","","","",true
"Event295",03/15/2025,10:00 AM,"03/15/2025","","","",true
"Event296",03/15/2025,10:00 AM,"03/15/2025","","","",true
"Event297",03/15/2025,10:00 AM,"03/15/2025","","","",true
"Event298",03/15/2025,10:00 AM,"03/15/2025","","","",true
"Event299",03/15/2025,10:00 AM,"03/15/2025","","","",true
"Event300",03/15/2025,10:00 AM,"03/15/2025","","","",true
"Event301",03/15/2025,10:00 AM,"03/15/2025","","","",true
"Event302",03/15/2025,10:00 AM,"03/15/2025","","","",true
"Event303",03/15/2025,10:00 AM,"03/15/2025","","","",true
"Event304",03/15/2025,10:00 AM,"03/15/2025","","","",true
"Event305",03/15/2025,10:00 AM,"03/15/2025","","","",true
"Event306",03/15/2025,10:00 AM,"03/15/2025","","","",true
"Event307",03/15/2025,10:00 AM,"03/15/2025","","","",true
"Event308",03/15/2025,10:00 AM,"03/15/2025","","","",true
"Event309",03/15/2025,10:00 AM,"03/15/2025","","","",true
"Event310",03/15/2025,10:00 AM,"03/15/2025","","","",true
"Event311",03/15/2025,10:00 AM,"03/15/2025","","","",true
"Event312",03/15/2025,10:00 AM,"03/15/2025","","","",true
"Event313",03/15/2025,10:00 AM,"03/15/2025","","","",true
"Event314",03/15/2025,10:00 AM,"03/15/2025","","","",true
"Event315",03/15/2025,10:00 AM,"03/15/2025","","","",true
"Event316",03/15/2025,10:00 AM,"03/15/2025","","","",true
"Event317",03/15/2025,10:00 AM,"03/15/2025","","","",true
"Event318",03/15/2025,10:00 AM,"03/15/2025","","","",true
"Event319",03/15/2025,10:00 AM,"03/15/2025","","","",true
"Event320",03/15/2025,10:00 AM,"03/15/2025","","","",true
"Event321",03/15/2025,10:00 AM,"03/15/2025","","","",true
"Event322",03/15/2025,10:00 AM,"03/15/2025","","","",true
"Event323",03/15/2025,10:00 AM,"03/15/2025","","","",true
"Event324",03/15/2025,10:00 AM,"03/15/2025","","","",true
"Event325",03/15/2025,10:00 AM,"03/15/2025","","","",true
"Event326",03/15/2025,10:00 AM,"03/15/2025","","","",true
"Event327",03/15/2025,10:00 AM,"03/15/2025","","","",true
"Event328",03/15/2025,10:00 AM,"03/15/2025","","","",true
"Event329",03/15/2025,10:00 AM,"03/15/2025","","","",true
"Event330",03/15/2025,10:00 AM,"03/15/2025","","","",true
"Event331",03/15/2025,10:00 AM,"03/15/2025","","","",true
"Event332",03/15/2025,10:00 AM,"03/15/2025","","","",true
"Event333",03/15/2025,10:00 AM,"03/15/2025","","","",true
"Event334",03/15/2025,10:00 AM,"03/15/2025","","","",true
"Event335",03/15/2025,10:00 AM,"03/15/2025","","","",true
"Event336",03/15/2025,10:00 AM,"03/15/2025","","","",true
"Event337",03/15/2025,10:00 AM,"03/15/2025","","","",true
"Event338",03/15/2025,10:00 AM,"03/15/2025","","","",true
"Event339",03/15/2025,10:00 AM,"03/15/2025","","","",true
"Event340",03/15/2025,10:00 AM,"03/15/2025","","","",true
"Event341",03/15/2025,10:00 AM,"03/15/2025","","","",true
"Event342",03/15/2025,10:00 AM,"03/15/2025","","","",true
"Event343",03/15/2025,10:00 AM,"03/15/2025","","","",true
"Event344",03/15/2025,10:00 AM,"03/15/2025","","","",true
"Event345",03/15/2025,10:00 AM,"03/15/2025","","","",true
"Event346",03/15/2025,10:00 AM,"03/15/2025","","","",true
"Event347",03/15/2025,10:00 AM,"03/15/2025","","","",true
"Event348",03/15/2025,10:00 AM,"03/15/2025","","","",true
"Event349",03/15/2025,10:00 AM,"03/15/2025","","","",true
"Event350",03/15/2025,10:00 AM,"03/15/2025","","","",true
"Event351",03/15/2025,10:00 AM,"03/15/2025","","","",true
"Event352",03/15/2025,10:00 AM,"03/15/2025","","","",true
"Event353",03/15/2025,10:00 AM,"03/15/2025","","","",true
"Event354",03/15/2025,10:00 AM,"03/15/2025","","","",true
"Event355",03/15/2025,10:00 AM,"03/15/2025","","","",true
"Event356",03/15/2025,10:00 AM,"03/15/2025","","","",true
"Event357",03/15/2025,10:00 AM,"03/15/2025","","","",true
"Event358",03/15/2025,10:00 AM,"03/15/2025","","","",true
"Event359",03/15/2025,10:00 AM,"03/15/2025","","","",true
"Event360",03/15/2025,10:00 AM,"03/15/2025","","","",true
"Event361",03/15/2025,10:00 AM,"03/15/2025","","","",true
"Event362",03/15/2025,10:00 AM,"03/15/2025","","","",true
"Event363",03/15/2025,10:00 AM,"03/15/2025","","","",true
"Event364",03/15/2025,10:00 AM,"03/15/2025","","","",true
"Event365",03/15/2025,10:00 AM,"03/15/2025","","","",true
"Event366",03/15/2025,10:00 AM,"03/15/2025","","","",true
"Event367",03/15/2025,10:00 AM,"03/15/2025","","","",true
"Event368",03/15/2025,10:00 AM,"03/15/2025","","","",true
"Event369",03/15/2025,10:00 AM,"03/15/2025","","","",true
"Event370",03/15/2025,10:00 AM,"03/15/2025","","","",true
"Event371",03/15/2025,10:00 AM,"03/15/2025","","","",true
"Event372",03/15/2025,10:00 AM,"03/15/2025","","","",true
"Event373",03/15/2025,10:00 AM,"03/15/2025","","","",true
"Event374",03/15/2025,10:00 AM,"03/15/2025","","","",true
"Event375",03/15/2025,10:00 AM,"03/15/2025","","","",true
"Event376",03/15/2025,10:00 AM,"03/15/2025","","","",true
"Event377",03/15/2025,10:00 AM,"03/15/2025","","","",true
"Event378",03/15/2025,10:00 AM,"03/15/2025","","","",true
"Event379",03/15/2025,10:00 AM,"03/15/2025","","","",true
"Event380",03/15/2025,10:00 AM,"03/15/2025","","","",true
"Event381",03/15/2025,10:00 AM,"03/15/2025","","","",true
"Event382",03/15/2025,10:00 AM,"03/15/2025","","","",true
"Event383",03/15/2025,10:00 AM,"03/15/2025","","","",true
"Event384",03/15/2025,10:00 AM,"03/15/2025","","","",true
"Event385",03/15/2025,10:00 AM,"03/15/2025","","","",true
"Event386",03/15/2025,10:00 AM,"03/15/2025","","","",true
"Event387",03/15/2025,10:00 AM,"03/15/2025","","","",true
"Event388",03/15/2025,10:00 AM,"03/15/2025","","","",true
"Event389",03/15/2025,10:00 AM,"03/15/2025","","","",true
"Event390",03/15/2025,10:00 AM,"03/15/2025","","","",true
"Event391",03/15/2025,10:00 AM,"03/15/2025","","","",true
"Event392",03/15/2025,10:00 AM,"03/15/2025","","","",true
"Event393",03/15/2025,10:00 AM,"03/15/2025","","","",true
"Event394",03/15/2025,10:00 AM,"03/15/2025","","","",true
"Event395",03/15/2025,10:00 AM,"03/15/2025","","","",true
"Event396",03/15/2025,10:00 AM,"03/15/2025","","","",true
"Event397",03/15/2025,10:00 AM,"03/15/2025","","","",true
"Event398",03/15/2025,10:00 AM,"03/15/2025","","","",true
"Event399",03/15/2025,10:00 AM,"03/15/2025","","","",true
"Event400",03/15/2025,10:00 AM,"03/15/2025","","","",true
"Event401",03/15/2025,10:00 AM,"03/15/2025","","","",true
"Event402",03/15/2025,10:00 AM,"03/15/2025","","","",true
"Event403",03/15/2025,10:00 AM,"03/15/2025","","","",true
"Event404",03/15/2025,10:00 AM,"03/15/2025","","","",true
"Event405",03/15/2025,10:00 AM,"03/15/2025","","","",true
"Event406",03/15/2025,10:00 AM,"03/15/2025","","","",true
"Event407",03/15/2025,10:00 AM,"03/15/2025","","","",true
"Event408",03/15/2025,10:00 AM,"03/15/2025","","","",true
"Event409",03/15/2025,10:00 AM,"03/15/2025","","","",true
"Event410",03/15/2025,10:00 AM,"03/15/2025","","","",true
"Event411",03/15/2025,10:00 AM,"03/15/2025","","","",true
"Event412",03/15/2025,10:00 AM,"03/15/2025","","","",true
"Event413",03/15/2025,10:00 AM,"03/15/2025","","","",true
"Event414",03/15/2025,10:00 AM,"03/15/2025","","","",true
"Event415",03/15/2025,10:00 AM,"03/15/2025","","","",true
"Event416",03/15/2025,10:00 AM,"03/15/2025","","","",true
"Event417",03/15/2025,10:00 AM,"03/15/2025","","","",true
"Event418",03/15/2025,10:00 AM,"03/15/2025","","","",true
"Event419",03/15/2025,10:00 AM,"03/15/2025","","","",true
"Event420",03/15/2025,10:00 AM,"03/15/2025","","","",true
"Event421",03/15/2025,10:00 AM,"03/15/2025","","","",true
"Event422",03/15/2025,10:00 AM,"03/15/2025","","","",true
"Event423",03/15/2025,10:00 AM,"03/15/2025","","","",true
"Event424",03/15/2025,10:00 AM,"03/15/2025","","","",true
"Event425",03/15/2025,10:00 AM,"03/15/2025","","","",true
"Event426",03/15/2025,10:00 AM,"03/15/2025","","","",true
"Event427",03/15/2025,10:00 AM,"03/15/2025","","","",true
"Event428",03/15/2025,10:00 AM,"03/15/2025","","","",true
"Event429",03/15/2025,10:00 AM,"03/15/2025","","","",true
"Event430",03/15/2025,10:00 AM,"03/15/2025","","","",true
"Event431",03/15/2025,10:00 AM,"03/15/2025","","","",true
"Event432",03/15/2025,10:00 AM,"03/15/2025","","","",true
"Event433",03/15/2025,10:00 AM,"03/15/2025","","","",true
"Event434",03/15/2025,10:00 AM,"03/15/2025","","","",true
"Event435",03/15/2025,10:00 AM,"03/15/2025","","","",true
"Event436",03/15/2025,10:00 AM,"03/15/2025","","","",true
"Event437",03/15/2025,10:00 AM,"03/15/2025","","","",true
"Event438",03/15/2025,10:00 AM,"03/15/2025","","","",true
"Event439",03/15/2025,10:00 AM,"03/15/2025","","","",true
"Event440",03/15/2025,10:00 AM,"03/15/2025","","","",true
"Event441",03/15/2025,10:00 AM,"03/15/2025","","","",true
"Event442",03/15/2025,10:00 AM,"03/15/2025","","","",true
"Event443",03/15/2025,10:00 AM,"03/15/2025","","","",true
"Event444",03/15/2025,10:00 AM,"03/15/2025","","","",true
"Event445",03/15/2025,10:00 AM,"03/15/2025","","","",true
"Event446",03/15/2025,10:00 AM,"03/15/2025","","","",true
"Event447",03/15/2025,10:00 AM,"03/15/2025","","","",true
"Event448",03/15/2025,10:00 AM,"03/15/2025","","","",true
"Event449",03/15/2025,10:00 AM,"03/15/2025","","","",true
"Event450",03/15/2025,10:00 AM,"03/15/2025","","","",true
"Event451",03/15/2025,10:00 AM,"03/15/2025","","","",true
"Event452",03/15/2025,10:00 AM,"03/15/2025","","","",true
"Event453",03/15/2025,10:00 AM,"03/15/2025","","","",true
"Event454",03/15/2025,10:00 AM,"03/15/2025","","","",true
"Event455",03/15/2025,10:00 AM,"03/15/2025","","","",true
"Event456",03/15/2025,10:00 AM,"03/15/2025","","","",true
"Event457",03/15/2025,10:00 AM,"03/15/2025","","","",true
"Event458",03/15/2025,10:00 AM,"03/15/2025","","","",true
"Event459",03/15/2025,10:00 AM,"03/15/2025","","","",true
"Event460",03/15/2025,10:00 AM,"03/15/2025","","","",true
"Event461",03/15/2025,10:00 AM,"03/15/2025","","","",true
"Event462",03/15/2025,10:00 AM,"03/15/2025","","","",true
"Event463",03/15/2025,10:00 AM,"03/15/2025","","","",true
"Event464",03/15/2025,10:00 AM,"03/15/2025","","","",true
"Event465",03/15/2025,10:00 AM,"03/15/2025","","","",true
"Event466",03/15/2025,10:00 AM,"03/15/2025","","","",true
"Event467",03/15/2025,10:00 AM,"03/15/2025","","","",true
"Event468",03/15/2025,10:00 AM,"03/15/2025","","","",true
"Event469",03/15/2025,10:00 AM,"03/15/2025","","","",true
"Event470",03/15/2025,10:00 AM,"03/15/2025","","","",true
"Event471",03/15/2025,10:00 AM,"03/15/2025","","","",true
"Event472",03/15/2025,10:00 AM,"03/15/2025","","","",true
"Event473",03/15/2025,10:00 AM,"03/15/2025","","","",true
"Event474",03/15/2025,10:00 AM,"03/15/2025","","","",true
"Event475",03/15/2025,10:00 AM,"03/15/2025","","","",true
"Event476",03/15/2025,10:00 AM,"03/15/2025","","","",true
"Event477",03/15/2025,10:00 AM,"03/15/2025","","","",true
"Event478",03/15/2025,10:00 AM,"03/15/2025","","","",true
"Event479",03/15/2025,10:00 AM,"03/15/2025","","","",true
"Event480",03/15/2025,10:00 AM,"03/15/2025","","","",true
"Event481",03/15/2025,10:00 AM,"03/15/2025","","","",true
"Event482",03/15/2025,10:00 AM,"03/15/2025","","","",true
"Event483",03/15/2025,10:00 AM,"03/15/2025","","","",true
"Event484",03/15/2025,10:00 AM,"03/15/2025","","","",true
"Event485",03/15/2025,10:00 AM,"03/15/2025","","","",true
"Event486",03/15/2025,10:00 AM,"03/15/2025","","","",true
"Event487",03/15/2025,10:00 AM,"03/15/2025","","","",true
"Event488",03/15/2025,10:00 AM,"03/15/2025","","","",true
"Event489",03/15/2025,10:00 AM,"03/15/2025","","","",true
"Event490",03/15/2025,10:00 AM,"03/15/2025","","","",true
"Event491",03/15/2025,10:00 AM,"03/15/2025","","","",true
"Event492",03/15/2025,10:00 AM,"03/15/2025","","","",true
"Event493",03/15/2025,10:00 AM,"03/15/2025","","","",true
"Event494",03/15/2025,10:00 AM,"03/15/2025","","","",true
"Event495",03/15/2025,10:00 AM,"03/15/2025","","","",true
"Event496",03/15/2025,10:00 AM,"03/15/2025","","","",true
"Event497",03/15/2025,10:00 AM,"03/15/2025","","","",true
"Event498",03/15/2025,10:00 AM,"03/15/2025","","","",true
"Event499",03/15/2025,10:00 AM,"03/15/2025","","","",true
"Event500",03/15/2025,10:00 AM,"03/15/2025","","","",true
"Event501",03/15/2025,10:00 AM,"03/15/2025","","","",true
"Event502",03/15/2025,10:00 AM,"03/15/2025","","","",true
"Event503",03/15/2025,10:00 AM,"03/15/2025","","","",true
"Event504",03/15/2025,10:00 AM,"03/15/2025","","","",true
"Event505",03/15/2025,10:00 AM,"03/15/2025","","","",true
"Event506",03/15/2025,10:00 AM,"03/15/2025","","","",true
"Event507",03/15/2025,10:00 AM,"03/15/2025","","","",true
"Event508",03/15/2025,10:00 AM,"03/15/2025","","","",true
"Event509",03/15/2025,10:00 AM,"03/15/2025","","","",true
"Event510",03/15/2025,10:00 AM,"03/15/2025","","","",true
"Event511",03/15/2025,10:00 AM,"03/15/2025","","","",true
"Event512",03/15/2025,10:00 AM,"03/15/2025","","","",true
"Event513",03/15/2025,10:00 AM,"03/15/2025","","","",true
"Event514",03/15/2025,10:00 AM,"03/15/2025","","","",true
"Event515",03/15/2025,10:00 AM,"03/15/2025","","","",true
"Event516",03/15/2025,10:00 AM,"03/15/2025","","","",true
"Event517",03/15/2025,10:00 AM,"03/15/2025","","","",true
"Event518",03/15/2025,10:00 AM,"03/15/2025","","","",true
"Event519",03/15/2025,10:00 AM,"03/15/2025","","","",true
"Event520",03/15/2025,10:00 AM,"03/15/2025","","","",true
"Event521",03/15/2025,10:00 AM,"03/15/2025","","","",true
"Event522",03/15/2025,10:00 AM,"03/15/2025","","","",true
"Event523",03/15/2025,10:00 AM,"03/15/2025","","","",true
"Event524",03/15/2025,10:00 AM,"03/15/2025","","","",true
"Event525",03/15/2025,10:00 AM,"03/15/2025","","","",true
"Event526",03/15/2025,10:00 AM,"03/15/2025","","","",true
"Event527",03/15/2025,10:00 AM,"03/15/2025","","","",true
"Event528",03/15/2025,10:00 AM,"03/15/2025","","","",true
"Event529",03/15/2025,10:00 AM,"03/15/2025","","","",true
"Event530",03/15/2025,10:00 AM,"03/15/2025","","","",true
"Event531",03/15/2025,10:00 AM,"03/15/2025","","","",true
"Event532",03/15/2025,10:00 AM,"03/15/2025","","","",true
"Event533",03/15/2025,10:00 AM,"03/15/2025","","","",true
"Event534",03/15/2025,10:00 AM,"03/15/2025","","","",true
"Event535",03/15/2025,10:00 AM,"03/15/2025","","","",true
"Event536",03/15/2025,10:00 AM,"03/15/2025","","","",true
"Event537",03/15/2025,10:00 AM,"03/15/2025","","","",true
"Event538",03/15/2025,10:00 AM,"03/15/2025","","","",true
"Event539",03/15/2025,10:00 AM,"03/15/2025","","","",true
"Event540",03/15/2025,10:00 AM,"03/15/2025","","","",true
"Event541",03/15/2025,10:00 AM,"03/15/2025","","","",true
"Event542",03/15/2025,10:00 AM,"03/15/2025","","","",true
"Event543",03/15/2025,10:00 AM,"03/15/2025","","","",true
"Event544",03/15/2025,10:00 AM,"03/15/2025","","","",true
"Event545",03/15/2025,10:00 AM,"03/15/2025","","","",true
"Event546",03/15/2025,10:00 AM,"03/15/2025","","","",true
"Event547",03/15/2025,10:00 AM,"03/15/2025","","","",true
"Event548",03/15/2025,10:00 AM,"03/15/2025","","","",true
"Event549",03/15/2025,10:00 AM,"03/15/2025","","","",true
"Event550",03/15/2025,10:00 AM,"03/15/2025","","","",true
"Event551",03/15/2025,10:00 AM,"03/15/2025","","","",true
"Event552",03/15/2025,10:00 AM,"03/15/2025","","","",true
"Event553",03/15/2025,10:00 AM,"03/15/2025","","","",true
"Event554",03/15/2025,10:00 AM,"03/15/2025","","","",true
"Event555",03/15/2025,10:00 AM,"03/15/2025","","","",true
"Event556",03/15/2025,10:00 AM,"03/15/2025","","","",true
"Event557",03/15/2025,10:00 AM,"03/15/2025","","","",true
"Event558",03/15/2025,10:00 AM,"03/15/2025","","","",true
"Event559",03/15/2025,10:00 AM,"03/15/2025","","","",true
"Event560",03/15/2025,10:00 AM,"03/15/2025","","","",true
"Event561",03/15/2025,10:00 AM,"03/15/2025","","","",true
"Event562",03/15/2025,10:00 AM,"03/15/2025","","","",true
"Event563",03/15/2025,10:00 AM,"03/15/2025","","","",true
"Event564",03/15/2025,10:00 AM,"03/15/2025","","","",true
"Event565",03/15/2025,10:00 AM,"03/15/2025","","","",true
"Event566",03/15/2025,10:00 AM,"03/15/2025","","","",true
"Event567",03/15/2025,10:00 AM,"03/15/2025","","","",true
"Event568",03/15/2025,10:00 AM,"03/15/2025","","","",true
"Event569",03/15/2025,10:00 AM,"03/15/2025","","","",true
"Event570",03/15/2025,10:00 AM,"03/15/2025","","","",true
"Event571",03/15/2025,10:00 AM,"03/15/2025","","","",true
"Event572",03/15/2025,10:00 AM,"03/15/2025","","","",true
"Event573",03/15/2025,10:00 AM,"03/15/2025","","","",true
"Event574",03/15/2025,10:00 AM,"03/15/2025","","","",true
"Event575",03/15/2025,10:00 AM,"03/15/2025","","","",true
"Event576",03/15/2025,10:00 AM,"03/15/2025","","","",true
"Event577",03/15/2025,10:00 AM,"03/15/2025","","","",true
"Event578",03/15/2025,10:00 AM,"03/15/2025","","","",true
"Event579",03/15/2025,10:00 AM,"03/15/2025","","","",true
"Event580",03/15/2025,10:00 AM,"03/15/2025","","","",true
"Event581",03/15/2025,10:00 AM,"03/15/2025","","","",true
"Event582",03/15/2025,10:00 AM,"03/15/2025","","","",true
"Event583",03/15/2025,10:00 AM,"03/15/2025","","","",true
"Event584",03/15/2025,10:00 AM,"03/15/2025","","","",true
"Event585",03/15/2025,10:00 AM,"03/15/2025","","","",true
"Event586",03/15/2025,10:00 AM,"03/15/2025","","","",true
"Event587",03/15/2025,10:00 AM,"03/15/2025","","","",true
"Event588",03/15/2025,10:00 AM,"03/15/2025","","","",true
"Event589",03/15/2025,10:00 AM,"03/15/2025","","","",true
"Event590",03/15/2025,10:00 AM,"03/15/2025","","","",true
"Event591",03/15/2025,10:00 AM,"03/15/2025","","","",true
"Event592",03/15/2025,10:00 AM,"03/15/2025","","","",true
"Event593",03/15/2025,10:00 AM,"03/15/2025","","","",true
"Event594",03/15/2025,10:00 AM,"03/15/2025","","","",true
"Event595",03/15/2025,10:00 AM,"03/15/2025","","","",true
"Event596",03/15/2025,10:00 AM,"03/15/2025","","","",true
"Event597",03/15/2025,10:00 AM,"03/15/2025","","","",true
"Event598",03/15/2025,10:00 AM,"03/15/2025","","","",true
"Event599",03/15/2025,10:00 AM,"03/15/2025","","","",true
"Event600",03/15/2025,10:00 AM,"03/15/2025","","","",true
"Event601",03/15/2025,10:00 AM,"03/15/2025","","","",true
"Event602",03/15/2025,10:00 AM,"03/15/2025","","","",true
"Event603",03/15/2025,10:00 AM,"03/15/2025","","","",true
"Event604",03/15/2025,10:00 AM,"03/15/2025","","","",true
"Event605",03/15/2025,10:00 AM,"03/15/2025","","","",true
"Event606",03/15/2025,10:00 AM,"03/15/2025","","","",true
"Event607",03/15/2025,10:00 AM,"03/15/2025","","","",true
"Event608",03/15/2025,10:00 AM,"03/15/2025","","","",true
"Event609",03/15/2025,10:00 AM,"03/15/2025","","","",true
"Event610",03/15/2025,10:00 AM,"03/15/2025","","","",true
"Event611",03/15/2025,10:00 AM,"03/15/2025","","","",true
"Event612",03/15/2025,10:00 AM,"03/15/2025","","","",true
"Event613",03/15/2025,10:00 AM,"03/15/2025","","","",true
"Event614",03/15/2025,10:00 AM,"03/15/2025","","","",true
"Event615",03/15/2025,10:00 AM,"03/15/2025","","","",true
"Event616",03/15/2025,10:00 AM,"03/15/2025","","","",true
"Event617",03/15/2025,10:00 AM,"03/15/2025","","","",true
"Event618",03/15/2025,10:00 AM,"03/15/2025","","","",true
"Event619",03/15/2025,10:00 AM,"03/15/2025","","","",true
"Event620",03/15/2025,10:00 AM,"03/15/2025","","","",true
"Event621",03/15/2025,10:00 AM,"03/15/2025","","","",true
"Event622",03/15/2025,10:00 AM,"03/15/2025","","","",true
"Event623",03/15/2025,10:00 AM,"03/15/2025","","","",true
"Event624",03/15/2025,10:00 AM,"03/15/2025","","","",true
"Event625",03/15/2025,10:00 AM,"03/15/2025","","","",true
"Event626",03/15/2025,10:00 AM,"03/15/2025","","","",true
"Event627",03/15/2025,10:00 AM,"03/15/2025","","","",true
"Event628",03/15/2025,10:00 AM,"03/15/2025","","","",true
"Event629",03/15/2025,10:00 AM,"03/15/2025","","","",true
"Event630",03/15/2025,10:00 AM,"03/15/2025","","","",true
"Event631",03/15/2025,10:00 AM,"03/15/2025","","","",true
"Event632",03/15/2025,10:00 AM,"03/15/2025","","","",true
"Event633",03/15/2025,10:00 AM,"03/15/2025","","","",true
"Event634",03/15/2025,10:00 AM,"03/15/2025","","","",true
"Event635",03/15/2025,10:00 AM,"03/15/2025","","","",true
"Event636",03/15/2025,10:00 AM,"03/15/2025","","","",true
"Event637",03/15/2025,10:00 AM,"03/15/2025","","","",true
"Event638",03/15/2025,10:00 AM,"03/15/2025","","","",true
"Event639",03/15/2025,10:00 AM,"03/15/2025","","","",true
"Event640",03/15/2025,10:00 AM,"03/15/2025","","","",true
"Event641",03/15/2025,10:00 AM,"03/15/2025","","","",true
"Event642",03/15/2025,10:00 AM,"03/15/2025","","","",true
"Event643",03/15/2025,10:00 AM,"03/15/2025","","","",true
"Event644",03/15/2025,10:00 AM,"03/15/2025","","","",true
"Event645",03/15/2025,10:00 AM,"03/15/2025","","","",true
"Event646",03/15/2025,10:00 AM,"03/15/2025","","","",true
"Event647",03/15/2025,10:00 AM,"03/15/2025","","","",true
"Event648",03/15/2025,10:00 AM,"03/15/2025","","","",true
"Event649",03/15/2025,10:00 AM,"03/15/2025","","","",true
"Event650",03/15/2025,10:00 AM,"03/15/2025","","","",true
"Event651",03/15/2025,10:00 AM,"03/15/2025","","","",true
"Event652",03/15/2025,10:00 AM,"03/15/2025","","","",true
"Event653",03/15/2025,10:00 AM,"03/15/2025","","","",true
"Event654",03/15/2025,10:00 AM,"03/15/2025","","","",true
"Event655",03/15/2025,10:00 AM,"03/15/2025","","","",true
"Event656",03/15/2025,10:00 AM,"03/15/2025","","","",true
"Event657",03/15/2025,10:00 AM,"03/15/2025","","","",true
"Event658",03/15/2025,10:00 AM,"03/15/2025","","","",true
"Event659",03/15/2025,10:00 AM,"03/15/2025","","","",true
"Event660",03/15/2025,10:00 AM,"03/15/2025","","","",true
"Event661",03/15/2025,10:00 AM,"03/15/2025","","","",true
"Event662",03/15/2025,10:00 AM,"03/15/2025","","","",true
"Event663",03/15/2025,10:00 AM,"03/15/2025","","","",true
"Event664",03/15/2025,10:00 AM,"03/15/2025","","","",true
"Event665",03/15/2025,10:00 AM,"03/15/2025","","","",true
"Event666",03/15/2025,10:00 AM,"03/15/2025","","","",true
"Event667",03/15/2025,10:00 AM,"03/15/2025","","","",true
"Event668",03/15/2025,10:00 AM,"03/15/2025","","","",true
"Event669",03/15/2025,10:00 AM,"03/15/2025","","","",true
"Event670",03/15/2025,10:00 AM,"03/15/2025","","","",true
"Event671",03/15/2025,10:00 AM,"03/15/2025","","","",true
"Event672",03/15/2025,10:00 AM,"03/15/2025","","","",true
"Event673",03/15/2025,10:00 AM,"03/15/2025","","","",true
"Event674",03/15/2025,10:00 AM,"03/15/2025","","","",true
"Event675",03/15/2025,10:00 AM,"03/15/2025","","","",true
"Event676",03/15/2025,10:00 AM,"03/15/2025","","","",true
"Event677",03/15/2025,10:00 AM,"03/15/2025","","","",true
"Event678",03/15/2025,10:00 AM,"03/15/2025","","","",true
"Event679",03/15/2025,10:00 AM,"03/15/2025","","","",true
"Event680",03/15/2025,10:00 AM,"03/15/2025","","","",true
"Event681",03/15/2025,10:00 AM,"03/15/2025","","","",true
"Event682",03/15/2025,10:00 AM,"03/15/2025","","","",true
"Event683",03/15/2025,10:00 AM,"03/15/2025","","","",true
"Event684",03/15/2025,10:00 AM,"03/15/2025","","","",true
"Event685",03/15/2025,10:00 AM,"03/15/2025","","","",true
"Event686",03/15/2025,10:00 AM,"03/15/2025","","","",true
"Event687",03/15/2025,10:00 AM,"03/15/2025","","","",true
"Event688",03/15/2025,10:00 AM,"03/15/2025","","","",true
"Event689",03/15/2025,10:00 AM,"03/15/2025","","","",true
"Event690",03/15/2025,10:00 AM,"03/15/2025","","","",true
"Event691",03/15/2025,10:00 AM,"03/15/2025","","","",true
"Event692",03/15/2025,10:00 AM,"03/15/2025","","","",true
"Event693",03/15/2025,10:00 AM,"03/15/2025","","","",true
"Event694",03/15/2025,10:00 AM,"03/15/2025","","","",true
"Event695",03/15/2025,10:00 AM,"03/15/2025","","","",true
"Event696",03/15/2025,10:00 AM,"03/15/2025","","","",true
"Event697",03/15/2025,10:00 AM,"03/15/2025","","","",true
"Event698",03/15/2025,10:00 AM,"03/15/2025","","","",true
"Event699",03/15/2025,10:00 AM,"03/15/2025","","","",true
"Event700",03/15/2025,10:00 AM,"03/15/2025","","","",true
"Event701",03/15/2025,10:00 AM,"03/15/2025","","","",true
"Event702",03/15/2025,10:00 AM,"03/15/2025","","","",true
"Event703",03/15/2025,10:00 AM,"03/15/2025","","","",true
"Event704",03/15/2025,10:00 AM,"03/15/2025","","","",true
"Event705",03/15/2025,10:00 AM,"03/15/2025","","","",true
"Event706",03/15/2025,10:00 AM,"03/15/2025","","","",true
"Event707",03/15/2025,10:00 AM,"03/15/2025","","","",true
"Event708",03/15/2025,10:00 AM,"03/15/2025","","","",true
"Event709",03/15/2025,10:00 AM,"03/15/2025","","","",true
"Event710",03/15/2025,10:00 AM,"03/15/2025","","","",true
"Event711",03/15/2025,10:00 AM,"03/15/2025","","","",true
"Event712",03/15/2025,10:00 AM,"03/15/2025","","","",true
"Event713",03/15/2025,10:00 AM,"03/15/2025","","","",true
"Event714",03/15/2025,10:00 AM,"03/15/2025","","","",true
"Event715",03/15/2025,10:00 AM,"03/15/2025","","","",true
"Event716",03/15/2025,10:00 AM,"03/15/2025","","","",true
"Event717",03/15/2025,10:00 AM,"03/15/2025","","","",true
"Event718",03/15/2025,10:00 AM,"03/15/2025","","","",true
"Event719",03/15/2025,10:00 AM,"03/15/2025","","","",true
"Event720",03/15/2025,10:00 AM,"03/15/2025","","","",true
"Event721",03/15/2025,10:00 AM,"03/15/2025","","","",true
"Event722",03/15/2025,10:00 AM,"03/15/2025","","","",true
"Event723",03/15/2025,10:00 AM,"03/15/2025","","","",true
"Event724",03/15/2025,10:00 AM,"03/15/2025","","","",true
"Event725",03/15/2025,10:00 AM,"03/15/2025","","","",true
"Event726",03/15/2025,10:00 AM,"03/15/2025","","","",true
"Event727",03/15/2025,10:00 AM,"03/15/2025","","","",true
"Event728",03/15/2025,10:00 AM,"03/15/2025","","","",true
"Event729",03/15/2025,10:00 AM,"03/15/2025","","","",true
"Event730",03/15/2025,10:00 AM,"03/15/2025","","","",true
"Event731",03/15/2025,10:00 AM,"03/15/2025","","","",true
"Event732",03/15/2025,10:00 AM,"03/15/2025","","","",true
"Event733",03/15/2025,10:00 AM,"03/15/2025","","","",true
"Event734",03/15/2025,10:00 AM,"03/15/2025","","","",true
"Event735",03/15/2025,10:00 AM,"03/15/2025","","","",true
"Event736",03/15/2025,10:00 AM,"03/15/2025","","","",true
"Event737",03/15/2025,10:00 AM,"03/15/2025","","","",true
"Event738",03/15/2025,10:00 AM,"03/15/2025","","","",true
"Event739",03/15/2025,10:00 AM,"03/15/2025","","","",true
"Event740",03/15/2025,10:00 AM,"03/15/2025","","","",true
"Event741",03/15/2025,10:00 AM,"03/15/2025","","","",true
"Event742",03/15/2025,10:00 AM,"03/15/2025","","","",true
"Event743",03/15/2025,10:00 AM,"03/15/2025","","","",true
"Event744",03/15/2025,10:00 AM,"03/15/2025","","","",true
"Event745",03/15/2025,10:00 AM,"03/15/2025","","","",true
"Event746",03/15/2025,10:00 AM,"03/15/2025","","","",true
"Event747",03/15/2025,10:00 AM,"03/15/2025","","","",true
"Event748",03/15/2025,10:00 AM,"03/15/2025","","","",true
"Event749",03/15/2025,10:00 AM,"03/15/2025","","","",true
"Event750",03/15/2025,10:00 AM,"03/15/2025","","","",true
"Event751",03/15/2025,10:00 AM,"03/15/2025","","","",true
"Event752",03/15/2025,10:00 AM,"03/15/2025","","","",true
"Event753",03/15/2025,10:00 AM,"03/15/2025","","","",true
"Event754",03/15/2025,10:00 AM,"03/15/2025","","","",true
"Event755",03/15/2025,10:00 AM,"03/15/2025","","","",true
"Event756",03/15/2025,10:00 AM,"03/15/2025","","","",true
"Event757",03/15/2025,10:00 AM,"03/15/2025","","","",true
"Event758",03/15/2025,10:00 AM,"03/15/2025","","","",true
"Event759",03/15/2025,10:00 AM,"03/15/2025","","","",true
"Event760",03/15/2025,10:00 AM,"03/15/2025","","","",true
"Event761",03/15/2025,10:00 AM,"03/15/2025","","","",true
"Event762",03/15/2025,10:00 AM,"03/15/2025","","","",true
"Event763",03/15/2025,10:00 AM,"03/15/2025","","","",true
"Event764",03/15/2025,10:00 AM,"03/15/2025","","","",true
"Event765",03/15/2025,10:00 AM,"03/15/2025","","","",true
"Event766",03/15/2025,10:00 AM,"03/15/2025","","","",true
"Event767",03/15/2025,10:00 AM,"03/15/2025","","","",true
"Event768",03/15/2025,10:00 AM,"03/15/2025","","","",true
"Event769",03/15/2025,10:00 AM,"03/15/2025","","","",true
"Event770",03/15/2025,10:00 AM,"03/15/2025","","","",true
"Event771",03/15/2025,10:00 AM,"03/15/2025","","","",true
"Event772",03/15/2025,10:00 AM,"03/15/2025","","","",true
"Event773",03/15/2025,10:00 AM,"03/15/2025","","","",true
"Event774",03/15/2025,10:00 AM,"03/15/2025","","","",true
"Event775",03/15/2025,10:00 AM,"03/15/2025","","","",true
"Event776",03/15/2025,10:00 AM,"03/15/2025","","","",true
"Event777",03/15/2025,10:00 AM,"03/15/2025","","","",true
"Event778",03/15/2025,10:00 AM,"03/15/2025","","","",true
"Event779",03/15/2025,10:00 AM,"03/15/2025","","","",true
"Event780",03/15/2025,10:00 AM,"03/15/2025","","","",true
"Event781",03/15/2025,10:00 AM,"03/15/2025","","","",true
"Event782",03/15/2025,10:00 AM,"03/15/2025","","","",true
"Event783",03/15/2025,10:00 AM,"03/15/2025","","","",true
"Event784",03/15/2025,10:00 AM,"03/15/2025","","","",true
"Event785",03/15/2025,10:00 AM,"03/15/2025","","","",true
"Event786",03/15/2025,10:00 AM,"03/15/2025","","","",true
"Event787",03/15/2025,10:00 AM,"03/15/2025","","","",true
"Event788",03/15/2025,10:00 AM,"03/15/2025","","","",true
"Event789",03/15/2025,10:00 AM,"03/15/2025","","","",true
"Event790",03/15/2025,10:00 AM,"03/15/2025","","","",true
"Event791",03/15/2025,10:00 AM,"03/15/2025","","","",true
"Event792",03/15/2025,10:00 AM,"03/15/2025","","","",true
"Event793",03/15/2025,10:00 AM,"03/15/2025","","","",true
"Event794",03/15/2025,10:00 AM,"03/15/2025","","","",true
"Event795",03/15/2025,10:00 AM,"03/15/2025","","","",true
"Event796",03/15/2025,10:00 AM,"03/15/2025","","","",true
"Event797",03/15/2025,10:00 AM,"03/15/2025","","","",true
"Event798",03/15/2025,10:00 AM,"03/15/2025","","","",true
"Event799",03/15/2025,10:00 AM,"03/15/2025","","","",true
"Event800",03/15/2025,10:00 AM,"03/15/2025","","","",true
"Event801",03/15/2025,10:00 AM,"03/15/2025","","","",true
"Event802",03/15/2025,10:00 AM,"03/15/2025","","","",true
"Event803",03/15/2025,10:00 AM,"03/15/2025","","","",true
"Event804",03/15/2025,10:00 AM,"03/15/2025","","","",true
"Event805",03/15/2025,10:00 AM,"03/15/2025","","","",true
"Event806",03/15/2025,10:00 AM,"03/15/2025","","","",true
"Event807",03/15/2025,10:00 AM,"03/15/2025","","","",true
"Event808",03/15/2025,10:00 AM,"03/15/2025","","","",true
"Event809",03/15/2025,10:00 AM,"03/15/2025","","","",true
"Event810",03/15/2025,10:00 AM,"03/15/2025","","","",true
"Event811",03/15/2025,10:00 AM,"03/15/2025","","","",true
"Event812",03/15/2025,10:00 AM,"03/15/2025","","","",true
"Event813",03/15/2025,10:00 AM,"03/15/2025","","","",true
"Event814",03/15/2025,10:00 AM,"03/15/2025","","","",true
"Event815",03/15/2025,10:00 AM,"03/15/2025","","","",true
"Event816",03/15/2025,10:00 AM,"03/15/2025","","","",true
"Event817",03/15/2025,10:00 AM,"03/15/2025","","","",true
"Event818",03/15/2025,10:00 AM,"03/15/2025","","","",true
"Event819",03/15/2025,10:00 AM,"03/15/2025","","","",true
"Event820",03/15/2025,10:00 AM,"03/15/2025","","","",true
"Event821",03/15/2025,10:00 AM,"03/15/2025","","","",true
"Event822",03/15/2025,10:00 AM,"03/15/2025","","","",true
"Event823",03/15/2025,10:00 AM,"03/15/2025","","","",true
"Event824",03/15/2025,10:00 AM,"03/15/2025","","","",true
"Event825",03/15/2025,10:00 AM,"03/15/2025","","","",true
"Event826",03/15/2025,10:00 AM,"03/15/2025","","","",true
"Event827",03/15/2025,10:00 AM,"03/15/2025","","","",true
"Event828",03/15/2025,10:00 AM,"03/15/2025","","","",true
"Event829",03/15/2025,10:00 AM,"03/15/2025","","","",true
"Event830",03/15/2025,10:00 AM,"03/15/2025","","","",true
"Event831",03/15/2025,10:00 AM,"03/15/2025","","","",true
"Event832",03/15/2025,10:00 AM,"03/15/2025","","","",true
"Event833",03/15/2025,10:00 AM,"03/15/2025","","","",true
"Event834",03/15/2025,10:00 AM,"03/15/2025","","","",true
"Event835",03/15/2025,10:00 AM,"03/15/2025","","","",true
"Event836",03/15/2025,10:00 AM,"03/15/2025","","","",true
"Event837",03/15/2025,10:00 AM,"03/15/2025","","","",true
"Event838",03/15/2025,10:00 AM,"03/15/2025","","","",true
"Event839",03/15/2025,10:00 AM,"03/15/2025","","","",true
"Event840",03/15/2025,10:00 AM,"03/15/2025","","","",true
"Event841",03/15/2025,10:00 AM,"03/15/2025","","","",true
"Event842",03/15/2025,10:00 AM,"03/15/2025","","","",true
"Event843",03/15/2025,10:00 AM,"03/15/2025","","","",true
"Event844",03/15/2025,10:00 AM,"03/15/2025","","","",true
"Event845",03/15/2025,10:00 AM,"03/15/2025","","","",true
"Event846",03/15/2025,10:00 AM,"03/15/2025","","","",true
"Event847",03/15/2025,10:00 AM,"03/15/2025","","","",true
"Event848",03/15/2025,10:00 AM,"03/15/2025","","","",true
"Event849",03/15/2025,10:00 AM,"03/15/2025","","","",true
"Event850",03/15/2025,10:00 AM,"03/15/2025","","","",true
"Event851",03/15/2025,10:00 AM,"03/15/2025","","","",true
"Event852",03/15/2025,10:00 AM,"03/15/2025","","","",true
"Event853",03/15/2025,10:00 AM,"03/15/2025","","","",true
"Event854",03/15/2025,10:00 AM,"03/15/2025","","","",true
"Event855",03/15/2025,10:00 AM,"03/15/2025","","","",true
"Event856",03/15/2025,10:00 AM,"03/15/2025","","","",true
"Event857",03/15/2025,10:00 AM,"03/15/2025","","","",true
"Event858",03/15/2025,10:00 AM,"03/15/2025","","","",true
"Event859",03/15/2025,10:00 AM,"03/15/2025","","","",true
"Event860",03/15/2025,10:00 AM,"03/15/2025","","","",true
"Event861",03/15/2025,10:00 AM,"03/15/2025","","","",true
"Event862",03/15/2025,10:00 AM,"03/15/2025","","","",true
"Event863",03/15/2025,10:00 AM,"03/15/2025","","","",true
"Event864",03/15/2025,10:00 AM,"03/15/2025","","","",true
"Event865",03/15/2025,10:00 AM,"03/15/2025","","","",true
"Event866",03/15/2025,10:00 AM,"03/15/2025","","","",true
"Event867",03/15/2025,10:00 AM,"03/15/2025","","","",true
"Event868",03/15/2025,10:00 AM,"03/15/2025","","","",true
"Event869",03/15/2025,10:00 AM,"03/15/2025","","","",true
"Event870",03/15/2025,10:00 AM,"03/15/2025","","","",true
"Event871",03/15/2025,10:00 AM,"03/15/2025","","","",true
"Event872",03/15/2025,10:00 AM,"03/15/2025","","","",true
"Event873",03/15/2025,10:00 AM,"03/15/2025","","","",true
"Event874",03/15/2025,10:00 AM,"03/15/2025","","","",true
"Event875",03/15/2025,10:00 AM,"03/15/2025","","","",true
"Event876",03/15/2025,10:00 AM,"03/15/2025","","","",true
"Event877",03/15/2025,10:00 AM,"03/15/2025","","","",true
"Event878",03/15/2025,10:00 AM,"03/15/2025","","","",true
"Event879",03/15/2025,10:00 AM,"03/15/2025","","","",true
"Event880",03/15/2025,10:00 AM,"03/15/2025","","","",true
"Event881",03/15/2025,10:00 AM,"03/15/2025","","","",true
"Event882",03/15/2025,10:00 AM,"03/15/2025","","","",true
"Event883",03/15/2025,10:00 AM,"03/15/2025","","","",true
"Event884",03/15/2025,10:00 AM,"03/15/2025","","","",true
"Event885",03/15/2025,10:00 AM,"03/15/2025","","","",true
"Event886",03/15/2025,10:00 AM,"03/15/2025","","","",true
"Event887",03/15/2025,10:00 AM,"03/15/2025","","","",true
"Event888",03/15/2025,10:00 AM,"03/15/2025","","","",true
"Event889",03/15/2025,10:00 AM,"03/15/2025","","","",true
"Event890",03/15/2025,10:00 AM,"03/15/2025","","","",true
"Event891",03/15/2025,10:00 AM,"03/15/2025","","","",true
"Event892",03/15/2025,10:00 AM,"03/15/2025","","","",true
"Event893",03/15/2025,10:00 AM,"03/15/2025","","","",true
"Event894",03/15/2025,10:00 AM,"03/15/2025","","","",true
"Event895",03/15/2025,10:00 AM,"03/15/2025","","","",true
"Event896",03/15/2025,10:00 AM,"03/15/2025","","","",true
"Event897",03/15/2025,10:00 AM,"03/15/2025","","","",true
"Event898",03/15/2025,10:00 AM,"03/15/2025","","","",true
"Event899",03/15/2025,10:00 AM,"03/15/2025","","","",true
"Event900",03/15/2025,10:00 AM,"03/15/2025","","","",true
"Event901",03/15/2025,10:00 AM,"03/15/2025","","","",true
"Event902",03/15/2025,10:00 AM,"03/15/2025","","","",true
"Event903",03/15/2025,10:00 AM,"03/15/2025","","","",true
"Event904",03/15/2025,10:00 AM,"03/15/2025","","","",true
"Event905",03/15/2025,10:00 AM,"03/15/2025","","","",true
"Event906",03/15/2025,10:00 AM,"03/15/2025","","","",true
"Event907",03/15/2025,10:00 AM,"03/15/2025","","","",true
"Event908",03/15/2025,10:00 AM,"03/15/2025","","","",true
"Event909",03/15/2025,10:00 AM,"03/15/2025","","","",true
"Event910",03/15/2025,10:00 AM,"03/15/2025","","","",true
"Event911",03/15/2025,10:00 AM,"03/15/2025","","","",true
"Event912",03/15/2025,10:00 AM,"03/15/2025","","","",true
"Event913",03/15/2025,10:00 AM,"03/15/2025","","","",true
"Event914",03/15/2025,10:00 AM,"03/15/2025","","","",true
"Event915",03/15/2025,10:00 AM,"03/15/2025","","","",true
"Event916",03/15/2025,10:00 AM,"03/15/2025","","","",true
"Event917",03/15/2025,10:00 AM,"03/15/2025","","","",true
"Event918",03/15/2025,10:00 AM,"03/15/2025","","","",true
"Event919",03/15/2025,10:00 AM,"03/15/2025","","","",true
"Event920",03/15/2025,10:00 AM,"03/15/2025","","","",true
"Event921",03/15/2025,10:00 AM,"03/15/2025","","","",true
"Event922",03/15/2025,10:00 AM,"03/15/2025","","","",true
"Event923",03/15/2025,10:00 AM,"03/15/2025","","","",true
"Event924",03/15/2025,10:00 AM,"03/15/2025","","","",true
"Event925",03/15/2025,10:00 AM,"03/15/2025","","","",true
"Event926",03/15/2025,10:00 AM,"03/15/2025","","","",true
"Event927",03/15/2025,10:00 AM,"03/15/2025","","","",true
"Event928",03/15/2025,10:00 AM,"03/15/2025","","","",true
"Event929",03/15/2025,10:00 AM,"03/15/2025","","","",true
"Event930",03/15/2025,10:00 AM,"03/15/2025","","","",true
"Event931",03/15/2025,10:00 AM,"03/15/2025","","","",true
"Event932",03/15/2025,10:00 AM,"03/15/2025","","","",true
"Event933",03/15/2025,10:00 AM,"03/15/2025","","","",true
"Event934",03/15/2025,10:00 AM,"03/15/2025","","","",true
"Event935",03/15/2025,10:00 AM,"03/15/2025","","","",true
"Event936",03/15/2025,10:00 AM,"03/15/2025","","","",true
"Event937",03/15/2025,10:00 AM,"03/15/2025","","","",true
"Event938",03/15/2025,10:00 AM,"03/15/2025","","","",true
"Event939",03/15/2025,10:00 AM,"03/15/2025","","","",true
"Event940",03/15/2025,10:00 AM,"03/15/2025","","","",true
"Event941",03/15/2025,10:00 AM,"03/15/2025","","","",true
"Event942",03/15/2025,10:00 AM,"03/15/2025","","","",true
"Event943",03/15/2025,10:00 AM,"03/15/2025","","","",true
"Event944",03/15/2025,10:00 AM,"03/15/2025","","","",true
"Event945",03/15/2025,10:00 AM,"03/15/2025","","","",true
"Event946",03/15/2025,10:00 AM,"03/15/2025","","","",true
"Event947",03/15/2025,10:00 AM,"03/15/2025","","","",true
"Event948",03/15/2025,10:00 AM,"03/15/2025","","","",true
"Event949",03/15/2025,10:00 AM,"03/15/2025","","","",true
"Event950",03/15/2025,10:00 AM,"03/15/2025","","","",true
"Event951",03/15/2025,10:00 AM,"03/15/2025","","","",true
"Event952",03/15/2025,10:00 AM,"03/15/2025","","","",true
"Event953",03/15/2025,10:00 AM,"03/15/2025","","","",true
"Event954",03/15/2025,10:00 AM,"03/15/2025","","","",true
"Event955",03/15/2025,10:00 AM,"03/15/2025","","","",true
"Event956",03/15/2025,10:00 AM,"03/15/2025","","","",true
"Event957",03/15/2025,10:00 AM,"03/15/2025","","","",true
"Event958",03/15/2025,10:00 AM,"03/15/2025","","","",true
"Event959",03/15/2025,10:00 AM,"03/15/2025","","","",true
"Event960",03/15/2025,10:00 AM,"03/15/2025","","","",true
"Event961",03/15/2025,10:00 AM,"03/15/2025","","","",true
"Event962",03/15/2025,10:00 AM,"03/15/2025","","","",true
"Event963",03/15/2025,10:00 AM,"03/15/2025","","","",true
"Event964",03/15/2025,10:00 AM,"03/15/2025","","","",true
"Event965",03/15/2025,10:00 AM,"03/15/2025","","","",true
"Event966",03/15/2025,10:00 AM,"03/15/2025","","","",true
"Event967",03/15/2025,10:00 AM,"03/15/2025","","","",true
"Event968",03/15/2025,10:00 AM,"03/15/2025","","","",true
"Event969",03/15/2025,10:00 AM,"03/15/2025","","","",true
"Event970",03/15/2025,10:00 AM,"03/15/2025","","","",true
"Event971",03/15/2025,10:00 AM,"03/15/2025","","","",true
"Event972",03/15/2025,10:00 AM,"03/15/2025","","","",true
"Event973",03/15/2025,10:00 AM,"03/15/2025","","","",true
"Event974",03/15/2025,10:00 AM,"03/15/2025","","","",true
"Event975",03/15/2025,10:00 AM,"03/15/2025","","","",true
"Event976",03/15/2025,10:00 AM,"03/15/2025","","","",true
"Event977",03/15/2025,10:00 AM,"03/15/2025","","","",true
"Event978",03/15/2025,10:00 AM,"03/15/2025","","","",true
"Event979",03/15/2025,10:00 AM,"03/15/2025","","","",true
"Event980",03/15/2025,10:00 AM,"03/15/2025","","","",true
"Event981",03/15/2025,10:00 AM,"03/15/2025","","","",true
"Event982",03/15/2025,10:00 AM,"03/15/2025","","","",true
"Event983",03/15/2025,10:00 AM,"03/15/2025","","","",true
"Event984",03/15/2025,10:00 AM,"03/15/2025","","","",true
"Event985",03/15/2025,10:00 AM,"03/15/2025","","","",true
"Event986",03/15/2025,10:00 AM,"03/15/2025","","","",true
"Event987",03/15/2025,10:00 AM,"03/15/2025","","","",true
"Event988",03/15/2025,10:00 AM,"03/15/2025","","","",true
"Event989",03/15/2025,10:00 AM,"03/15/2025","","","",true
"Event990",03/15/2025,10:00 AM,"03/15/2025","","","",true
"Event991",03/15/2025,10:00 AM,"03/15/2025","","","",true
"Event992",03/15/2025,10:00 AM,"03/15/2025","","","",true
"Event993",03/15/2025,10:00 AM,"03/15/2025","","","",true
"Event994",03/15/2025,10:00 AM,"03/15/2025","","","",true
"Event995",03/15/2025,10:00 AM,"03/15/2025","","","",true
"Event996",03/15/2025,10:00 AM,"03/15/2025","","","",true
"Event997",03/15/2025,10:00 AM,"03/15/2025","","","",true
"Event998",03/15/2025,10:00 AM,"03/15/2025","","","",true
"Event999",03/15/2025,10:00 AM,"03/15/2025","","","",true
"Event1000",03/15/2025,10:00 AM,"03/15/2025","","","",true
